﻿<?xml version="1.0" encoding="utf-8"?><meta xmlns:xsi="http://www.w3.org/2001/XMLSchema-instance" xmlns:xsd="http://www.w3.org/2001/XMLSchema"><project id="66BfKli1lI6" courseid="xAPI-Demo-v1.0-Matt-Hardy" thumburl="story_content/thumbnail.jpg" title="xAPI.ly-Healthy-Habits-Demo-Matt-Hardy" datepublished="2020-10-27T18:27:07" version="1.0.0.0" flashdata="story_content/data.swf" html5data="mobile/data.json" mobiledata="mobile/data.gz" enabledownload="false" duration="About 30 seconds" totalaudio="0" totalvideo="0"><description>This web based training provides learners with helpful information about eating healthy whether working at home, in the office or working on the road. Created in Storyline 3, Fall 2020 by Matt Hardy and xAPI Cohort, #team-storyline-engage</description><keywords /><slidemeta moniker="slide" monikerplural="slides" viewslides="6" slidecountdescription="6 slides" /><author name="Matthew R Hardy" email="" website="" /><application name="Articulate Storyline" version="3.9.21069.0" xmlversion="4.0" /></project></meta>