<?xml version="1.0" encoding="utf-8"?>
<tincan xmlns:xsi="http://www.w3.org/2001/XMLSchema-instance" xmlns:xsd="http://www.w3.org/2001/XMLSchema" xmlns="http://projecttincan.com/tincan.xsd">
	<activities>
		<activity id="http://xAPI-Demo-v1.0-Matt-Hardy" type="http://adlnet.gov/expapi/activities/course">
			<name lang="und">xAPI.ly-Healthy-Habits-Demo-Matt-Hardy</name>
			<description lang="und">This web based training provides learners with helpful information about eating healthy whether working at home, in the office or working on the road. Created in Storyline 3, Fall 2020 by Matt Hardy and xAPI Cohort, #team-storyline-engage</description>
			<launch lang="und">story.html</launch>
		</activity>
		<activity id="http://xAPI-Demo-v1.0-Matt-Hardy/6VRZko3padW" type="http://adlnet.gov/expapi/activities/module">
			<name lang="und">Identify Employee</name>
			<description lang="und">Identify Employee</description>
		</activity>
		<activity id="http://xAPI-Demo-v1.0-Matt-Hardy/5oRyYuUCrhK" type="http://adlnet.gov/expapi/activities/module">
			<name lang="und">Eating Well Matters</name>
			<description lang="und">Eating Well Matters</description>
		</activity>
		<activity id="http://xAPI-Demo-v1.0-Matt-Hardy/6qkgwnmWqJw" type="http://adlnet.gov/expapi/activities/module">
			<name lang="und">Job Location Selection</name>
			<description lang="und">Job Location Selection</description>
		</activity>
		<activity id="http://xAPI-Demo-v1.0-Matt-Hardy/6oxYtXbzwB8" type="http://adlnet.gov/expapi/activities/module">
			<name lang="und">Office Guru's</name>
			<description lang="und">Office Guru's</description>
		</activity>
		<activity id="http://xAPI-Demo-v1.0-Matt-Hardy/5fnHaoRwBz8" type="http://adlnet.gov/expapi/activities/module">
			<name lang="und">Road Warriors</name>
			<description lang="und">Road Warriors</description>
		</activity>
		<activity id="http://xAPI-Demo-v1.0-Matt-Hardy/6846PKfsngU" type="http://adlnet.gov/expapi/activities/module">
			<name lang="und">Home Work</name>
			<description lang="und">Home Work</description>
		</activity>
	</activities>
</tincan>